0,WHAT IS INTERRUPT,*,*,INTERRUPT is a computer science national technical symposium organized Sri Venkateswara College of Engineering. Find out more by asking full questions like: What are the events#Comma what is 'event name'#CommaWhen is it#Comma etc.,int.aiml,,
0,WHEN IS INTERRUPT,*,*,Its on the 1st of October 2016. Find out where it is.,int.aiml,,
0,WHEN IS IT,*,*,Its on the 1st of October 2016. Find out where it is.,int.aiml,,
0,WHERE IS IT,*,*,Since it is hosted by Sri Venkateswara College of Engineering(SVCE). Find out who is organising it#Comma or ask what the timings are.,int.aiml,link to the address is given here map link,that.aiml
0,WHERE IS INTERRUPT,*,*,Since it is hosted by Sri Venkateswara College of Engineering(SVCE). Find out who is organising it#Comma or ask what the timings are.,int.aiml,link to the address is given here map link,that.aiml
0,WHO IS ORGANISING INTERRUPT,*,*,SVCE.,int.aiml,,
0,WHO IS ORGANISING IT,*,*,SVCE.,int.aiml,,
0,WHAT ARE THE EVENTS,*,*,We have some very interesting events lined up for you. Online events/Offline events?,int.aiml, be sure to checkout the workshops... Want to know timings?,that.aiml
0,WHAT ARE THE TIMINGS,*,*,Timings for Technical/Timing for Non technical?,int.aiml,,
0,TECHNICAL,*,*,Timing details:(technical),int.aiml,,
0,NON TECHNICAL,*,*,Timing details:(technical),int.aiml,,
0,* REGISTRATION FEE,*,*,It is completely free.,,,
0,REGISTRATION FEE *,*,*,It is completely free.,int.aiml,,
0,* DRESS CODE,*,*,Boys: Girls:.,int.aiml,,
0,* PRIZES,*,*,Prizes:.,int.aiml,,
0,CONTEXT OK,*,*,Success,int.aiml,,
0,WHAT IS QUIZZLER,*,*,The quintessential geek is defined by the thick#Comma round glasses and frequent usage of big technical words like “Architectural Neutral Distribution Format “. Sounds familiar? Are you willing to fight it out in a buzzer induced frenzy? Are you ready to be questioned on anything under the sun? (Or cloud#Comma pun intended).As the clock keeps ticking#Comma we expect you to bring your A game at Interrupt this year!,int.aiml,,
0,INTERRUPT,*,*,INTERRUPT is a computer science national technical symposium organized Sri Venkateswara College of Engineering. Find out more by asking full questions like: What are the events#Comma what is 'event name'#CommaWhen is it#Comma etc.,int.aiml,,
0,ONLINE EVENTS,*,*,The online events are: 1.Picturesque#Comma 2.Code Sprint#Comma 3.Quizzler. To find out more#Comma ask what they are#Comma with the name of the event. To find out about rules: (Example: Rules for Picturesque),int.aiml,,
0,OFFLINE EVENTS,*,*,The offline events are: 1.Code ninja 2.Data de-queue 3.Game of archives 4.Cognition quest 5.MYB v4 6.Don of Logic. To find out more#Comma ask what they are#Comma with the name of the event. To find out about rules:(Example:Rules for Code Ninja),int.aiml,,
0,CODE NINJA,*,*,Brace yourself for the most exciting event as we unravel the mysteries of two of the most popular programming languages#Comma C and C++! If you are good at it#Comma there is no better place for you than at this event- Code Ninja.It’s time to showcase your coding skills while we take you through challenging rounds. Solve the puzzles and crack the code to find your way to glory.,int.aiml,,
0,GAME OF ARCHIVES,*,*,Imagine you’re watching an episode of Sherlock. What happens in every case? Evidences and red herrings pop up and we try to solve the case along with Sherlock and Watson. Every piece of information out there provides clues to the most complex problems. Recorded details of the past prove to be the ultimate evidence in the present.So do you have what it takes to store valuable information? Tables are a tool and an archive is a library of data. Do you have what it takes to become a DBA?Here’s an opportunity you wouldn’t want to miss! Put your database skills to the best use and show who’s the boss. Create tables that could change the way we perceive and extract information. Normalize your data to achieve supreme efficiency. The game is going to be an intense one. Are you ready to battle it out in a game of archives? Come#Comma show it at Interrupt!Find out the rules and rounds by asking a question!,int.aiml,,
0,DATA DE-QUEUE,*,*,What is data? Is it letters? Is it numbers? Is it a combination of both? Or is it something completely abstract? Well#Comma everything counts as data. Right from alphabets to the copies of oxford dictionary#Comma from the number of times your cat sneezed to the various cat videos on YouTube everything is data. So how do we store data?Can you visualize structures to store data? Does your brain automatically link nodes in the form of lists or does it make it more complex by branching? If you can do that#Comma then can you translate those diagrams into segments of code?Come and try your hand at the data structures event. Find out about the rules and rounds!,int.aiml,,
0,DON OF LOGIC,*,*,Do you have what it takes to survive against a wild bear if you just have just a blanket#Comma a broomstick and an ice-cream sandwich on you? Can you de-code cryptic messages and come up with an algorithm to save the day? Are you better than others at lateral thinking?If your answer to the above questions are yes#Comma then only one thing remains to be decided. Are you worthy of being the Don Of Logic?,int.aiml,,
0,MYB V4,*,*,It’s that time of the year when mid-season sales pop up. As brands go all out#Comma marketing their product#Comma you fall prey to buying the 500th pair of ripped jeans#Comma which you might not need#Comma only because of the innumerable times that you watched the advertisement on television. This is probably the case with everyone#Comma but are you one of the few who convinces people into buying that product? Do you have the skills to lay out an attractive trap luring customers to choose your company? Do you have the gift of the gab?If you think you do#Commawe would say come and show us at MYB event at Interrupt!,int.aiml,,
0,COGNITION QUEST,*,*,Do you ponder upon intricacies while learning about technology? Do you search for solutions to the problems of this gadget dependent world? Do you dream of joining that elite league of the innovators? If so#Comma then collate your ideas into a presentation#Comma collaborate with a like minded person and come showcase it at Interrupt!,int.aiml,,
0,PICTURESQUE,*,*,An Online Photography Contest:#NewlineSo here you go#CommaYou need to inbox your images to the INTERRUPT'16 page with your name #Commacollege #Comma contact no.All your clicks will be judged only by the juries and not by likes or shares#Comma as likes count cant filter talents.,int.aiml,,
0,QUIZZLER,*,*,The quintessential geek is defined by the thick#Comma round glasses and frequent usage of big technical words like “Architectural Neutral Distribution Format “. Sounds familiar? Are you willing to fight it out in a buzzer induced frenzy? Are you ready to be questioned on anything under the sun? (Or cloud#Commapun intended).As the clock keeps ticking#Commawe expect you to bring your A game at Interrupt this year!,int.aiml,,
0,WHAT ARE THE ONLINE EVENTS,*,*,The online events are: 1.Picturesque#Comma 2.Code Sprint#Comma 3.Quizzler. To find out more#Comma ask what they are#Comma with the name of the event. To find out about rules: (Example: Rules for Picturesque),int.aiml,,
0,WHAT ARE THE OFFLINE EVENTS,*,*,The offline events are: 1.Code ninja 2.Data de-queue 3.Game of archives 4.Cognition quest 5.MYB v4 6.Don of Logic. To find out more#Comma ask what they are#Comma with the name of the event. To find out about rules:(Example:Rules for Code Ninja),int.aiml,,
0,WHAT IS CODE NINJA,*,*,Brace yourself for the most exciting event as we unravel the mysteries of two of the most popular programming languages#Comma C and C++! If you are good at it#Comma there is no better place for you than at this event- Code Ninja.It’s time to showcase your coding skills while we take you through challenging rounds. Solve the puzzles and crack the code to find your way to glory.,int.aiml,,
0,WHAT IS GAME OF ARCHIVES,*,*,Imagine you’re watching an episode of Sherlock. What happens in every case? Evidences and red herrings pop up and we try to solve the case along with Sherlock and Watson. Every piece of information out there provides clues to the most complex problems. Recorded details of the past prove to be the ultimate evidence in the present.So do you have what it takes to store valuable information? Tables are a tool and an archive is a library of data. Do you have what it takes to become a DBA?Here’s an opportunity you wouldn’t want to miss! Put your database skills to the best use and show who’s the boss. Create tables that could change the way we perceive and extract information. Normalize your data to achieve supreme efficiency. The game is going to be an intense one. Are you ready to battle it out in a game of archives? Come#Comma show it at Interrupt!Find out the rules and rounds by asking a question!,int.aiml,,
0,WHAT IS DATA DE-QUEUE,*,*,What is data? Is it letters? Is it numbers? Is it a combination of both? Or is it something completely abstract? Well#Comma everything counts as data. Right from alphabets to the copies of oxford dictionary#Comma from the number of times your cat sneezed to the various cat videos on YouTube everything is data. So how do we store data?Can you visualize structures to store data? Does your brain automatically link nodes in the form of lists or does it make it more complex by branching? If you can do that#Comma then can you translate those diagrams into segments of code?Come and try your hand at the data structures event. Find out about the rules and rounds!,int.aiml,,
0,WHAT IS DON OF LOGIC,*,*,Do you have what it takes to survive against a wild bear if you just have just a blanket#Comma a broomstick and an ice-cream sandwich on you? Can you de-code cryptic messages and come up with an algorithm to save the day? Are you better than others at lateral thinking?If your answer to the above questions are yes#Comma then only one thing remains to be decided. Are you worthy of being the Don Of Logic?,int.aiml,,
0,WHAT IS MYB V4,*,*,It’s that time of the year when mid-season sales pop up. As brands go all out#Comma marketing their product#Comma you fall prey to buying the 500th pair of ripped jeans#Comma which you might not need#Comma only because of the innumerable times that you watched the advertisement on television. This is probably the case with everyone#Comma but are you one of the few who convinces people into buying that product? Do you have the skills to lay out an attractive trap luring customers to choose your company? Do you have the gift of the gab?If you think you do#Commawe would say come and show us at MYB event at Interrupt!,int.aiml,,
0,WHAT IS COGNITION QUEST,*,*,Do you ponder upon intricacies while learning about technology? Do you search for solutions to the problems of this gadget dependent world? Do you dream of joining that elite league of the innovators? If so#Comma then collate your ideas into a presentation#Comma collaborate with a like minded person and come showcase it at Interrupt!,int.aiml,,
0,WHAT IS PICTURESQUE,*,*,An Online Photography Contest:#NewlineSo here you go#CommaYou need to inbox your images to the INTERRUPT'16 page with your name #Commacollege #Comma contact no.All your clicks will be judged only by the juries and not by likes or shares#Comma as likes count cant filter talents.,int.aiml,,
0,RULES FOR CODE NINJA,*,*,Round 1#NewlineThe first round consists of objective type questions related to the concepts of C and C++. Choose the correct option or enter the answers to the questions in the space provided. Get a top score to slide into Round 2!#NewlineRound 2:Crack the code word!In the second and final round#Comma you need to solve problems#Comma and find clues after solving and coding  them. With the clues#Comma find an interesting end result (maybe a person#Commalatest technology#Comma etc.). There are 20 such words with 5 clues (problems to solve) each.It works as follows: You will be given a problem to solve. Solve it and use the clue to find out the word. If you are unable to find out#Comma you will be given another such problem for the same word. Keep trying until you find the word. Only 5 problems would be given for each word. The faster you find out#Comma the more points you get.Find as many words as you can within the stipulated time to win the event!#NewlineRules#Newline1)You may code in c or Java only.#Newline2)You may participate as team of two or alone. #Newline3)The decision of the coordinators is final. ,int.aiml,,
0,RULES FOR DATA DE-QUEUE,*,*,Round 1#NewlineYou have 20 minutes to answer 20 questions. Qualifiers will move on to the next round#NewlineRound 2:This is a surprise round but prepare yourself for some hardcore coding.#NewlineRules:#Newline1)You may code in c or Java only.#Newline2)You may participate as team of two or alone.#Newline3)The decision of the coordinators is final. ,int.aiml,,
0,RULES FOR GAME OF ARCHIVES,*,*,"Rounds#Newline 1) Query Round:This is the qualifying round that takes place on site. Just with some queries and you could be part of the epic battle.#Newline 2) Scenario Round:Here’s where the real challenge lies. Create the apt database for the scenario we give and add your personal streak to it. Achieve perfection by normalizing it.#Newline Rules:#Newline1)Basic knowledge of MySQL queries is expected (select, insert, create, etc.). To be the best of the pack some additional concepts would do you good.#Newline2)This is a team event. A team of 2 is required to take part in this event.#Newline3)Round 2 will be solely judged on how relevant the content of your tables are with the given scenario. ",int.aiml,,
0,RULES FOR DON OF LOGIC,*,*,"Round 1: Written Test#NewlineA set of 30 lateral thinking questions#Comma to be answered in 45 minutes. 10 people will be moved into the next round. There will be one bonus question in the case of ties.#NewlineRound 2: Quiz#NewlineThe 10 people are cast into teams of 2 according to their marks in the previous round#Comma so that there are 5 teams totally.Each team is given 5 cards initially. The card will have a daily household object like a blanket or a broomstick. There is one special card#Comma which has all the objects (tools). This is called a Wild Card.The quiz master poses a survival question#Comma and each team has to take out an answer card and place it face down. Once all the teams have done so, each team has to show what tool they used and why they used that tool. Only if the explanation is correct#Comma will the team be awarded a point. Each team will now be given a new card (can be any tool) from the pack.The three teams which get 13 points first move into the next round.Suppose someone uses the correct tool but doesn't give the correct explanation#Comma they will not be awarded a point. Suppose someone knows the answer but doesn't have the correct card, they will not be awarded a point. Suppose someone uses a Wild Card but doesn't tell what tool they're using from the EC correctly#Comma they won't get a point.(Maximum time: 90-100 minutes)#NewlineRound 3: Coding with a twist#NewlineEach finalist will get a question to write a simple program in C or C++ (their choice). The twist is that the question will be in a code. So first the finalist has to decode the question#Comma and once they do that#Comma they need to write#Commacompile and execute the question. Total time for this round is 45 minutes.",int.aiml,,
0,RULES FOR MYB v4,*,*,"Round 1:A written test will be conducted to test the logical and analytical skills. It would also gauge your personality.#NewlineRound 2:Player gets 1 word to describe to the team. 5 restricted words that the player CANNOT use while describing. Points will be reduced if any of the restricted words are used. Time limit of 90 seconds.#NewlineRound 3:A team is given a product, and asked to make a sketch to advertise their product with a quote. Most innovative team wins.#NewlineRules:#Newline1)two or three per team. #Newline2)The decision of the coordinators is final. ",int.aiml,,
0,RULES FOR COGNITION QUEST,*,*,"Rules#NewlineMaximum number of participants in a team is 2.#Newline2. It is advisable that the paper presentation focuses on one particular topic.#Newline3. Abstract should not exceed 80 words. Paper should not exceed 600 words but should have minimum of 450 words.#Newline4. Paper should be in IEEE format.#Newline5. Paper should be submitted as a word document (.doc,.docx,.odt) or pdf.#Newline6. Plagiarism is strictly prohibited.#Newline7. Bring your PowerPoint presentation in a pen drive.#Newline8. Mail your abstract and full paper to svcepapier2k16@gmail.com on or before 25/09/2016.#Newline9. Confirmation mail will be sent to the selected papers on 28/09/2016.#Newline10. Selected candidates should bring two hardcopies of paper.#Newline11. The teams will get minimum of 7 minutes and maximum of 10 minutes for presentation followed by question and answer.#Newline12. Team can register for only one paper.#Newline13. The submission should contain:#Newline- Title-theme of the paper.#Newline-Name of both participants.#Newline-phone number of both the authors.#Newline- E-mail ID.#Newline14. Shortlisted papers will be notified through mail.",int.aiml,,
0,RULES FOR QUIZZLER,*,*,The event is organised into 3 levels: Easy#Comma Medium and Hard.#NewlineLevel 1 consists of 80 questions followed by 60 questions in level 2 and 30 questions in level 3.#NewlineThe questions are randomly generated at each level according to their level of difficulty.Each level consists of questions that fall under six major categories#Comma namely:Connections#Comma4pics#Comma1 word#CommaScramble,int.aiml,,
0,RULES FOR PICTURESQUE,*,*,Round 1:#NewlineTheme is open for the first round.(impress us with your skills)#NewlineRules#Newline1.Only one picture is allowed for one participant#Newline2.If you are sending edited pictures#Comma attach the raw pic also and send.#Newline3.With the picture#Comma include your name #Commacollege and contact.#Newline4.The decision of the judges will be final.#Newline5. only college students may participate#Newline6. the winner must be present at the venue on the day of symposium to collect the prize if not the prize will be given to the next position. Prizes will NOT be couriered or transferred.#NewlineGet ready to click...,int.aiml,,
0,RULES FOR CODE SPRINT,*,*,Each level consists of 15 questions.#Newline1)The contest has two rounds.#Newline2)Round 1:This has a variety of questions .This round will clam you down before you enter some seriouscoding.question in this round are connections#CommaJumbled program#Commadebugging and output prediction.Relax! All questions are multiple choice questions with no negative marks. The Perk : You can go to the next question without answering the previous question.!!.#Newline3) Round 2 :#Newlinea)This round has 5 questions.#Newlineb)You can use c/c++ to write programs.#Newlinec)Input must be obtained from standard input(scanf or cin) and output must be redirected tostandard output(printf or cout).#Newlined)the output must be in the format specified in the sample output#Newlinee)One question must be completed to view the next one.#NewlineRules#NewlineOnly students are allowed to participate in the event.#NewlineThe event can be resumed at any point of time.#NewlineThe benefit will be given for those who finish at a stretch.#NewlineJudges Decisions are Final#NewlineA user can play the game only once.,int.aiml,,
0,WHAT IS CODE SPRINT,*,*,Interrupt 2k16 has an Epic Online Coding Competetion starting off with a light MCQ questions. Answer questions as much as possible and quickly too. Participate - Complete - Go offline with Gifts,int.aiml,,
0,CODE SPRINT,*,*,Interrupt 2k16 has an Epic Online Coding Competetion starting off with a light MCQ questions. Answer questions as much as possible and quickly too. Participate - Complete - Go offline with Gifts,int.aiml,,
