0,TEACH ME <SET>LANGUAGE</SET>,*,*,"<srai>LANGUAGE</srai> Let's try a searching for ""learn <star/>"". <oob><search>LEARN <star/></search></oob>",oob.aiml,,,
0,CLEAR LOG,*,*,Done. <oob><clear>log</clear></oob>,oob.aiml,,,
0,*,WHAT WOULD YOU LIKE TO WRITE ON TWITTER,*,<srai>TWEET <star/></srai>,oob.aiml,,,
0,SEND MAIL,*,*,<srai>SEND EMAIL</srai>,oob.aiml,,,
0,SEND FEATURE REQUEST *,*,*,Send email!,oob.aiml,,,
0,SHOW ME A VIDEO *,*,*,I'm looking up videos for you.  <oob><search>VIDEO <star/></search></oob>,oob.aiml,,,
0,SHOW ME A WEBSITE ABOUT *,*,*,Say 'OK Google',oob.aiml,,,
0,I WANT TO BUY *,*,*,Hmm. Try the map.,oob.aiml,,,
0,I AM FAT,*,*,I'm looking for a weight loss center near you. ,oob.aiml,,,
0,I AM HUNGRY,*,*,I've found several restaurants near you.  ,oob.aiml,,,
0,I AM GOING TO KILL *,*,*,You should contact the authorities. ,oob.aiml,,,
0,BATTERY LEVEL,*,*,Checking.  Battery level ,oob.aiml,,,
0,GOOGLE,*,*,Google!,oob.aiml,,,
0,GOOGLE *,*,*,Browser!,oob.aiml,,,
0,SEARCH *,*,*,I'll try a web search.  ,oob.aiml,,,
0,FIND ME A *,*,*,Let's try a web search.,oob.aiml,,,
0,FIND A *,*,*,Let's try looking on the map.  ,oob.aiml,,,
0,FIND MY LOCATION,*,*,I'll show you on the map. ,oob.aiml,,,
0,FIND *,*,*,Let's try a Google search.,oob.aiml,,,
0,FIND THE NEAREST STARBUCKS,*,*,I'm looking on the map.,oob.aiml,,,
0,FIND THE NEAREST *,*,*,I'm showing you <star/> on the map.  ,oob.aiml,,,
0,FIND NEAREST *,*,*,I've found several near you. ,oob.aiml,,,
0,YES,WOULD YOU LIKE TO SEND THIS FEATURE REQUEST *,*,"<srai>SEND FEATURE REQUEST <get name=""featurerequest""/></srai>",oob.aiml,,,
0,DIRECTIONS TO *,*,*,Im not good with directions. Haha.,oob.aiml,,,
0,DIRECTIONS *,*,*,Im not good with directions. Haha.,oob.aiml,,,
0,DIRECTIONS FROM * TO *,*,*,Im not good with directions. Haha.,oob.aiml,,,
0,LAUNCH CAMERA,*,*,Launching the camera. ,oob.aiml,,,
0,LAUNCH *,*,*,"I didn't find <star/> among your installed apps.  Let's try to find it. <think><set name=""it""><star/></set></think>.  <oob><search><star/></search></oob>",oob.aiml,,,
0,LAUNCH * DOT COM,*,*,Let's go to <star/>.com. ,oob.aiml,,,
0,TACO,*,*,I'm looking for Mexican restaurants near you. ,oob.aiml,,,
0,PIZZA,*,*,I'm looking on the map for Pizza places near you.  ,oob.aiml,,,
0,WHERE ARE THE *,*,*,"Sri Venkateswara College of Engineering, Sriperambudur. Check bus details on the app.",oob.aiml,,,
0,WHERE IS A *,*,*,"Sri Venkateswara College of Engineering, Sriperambudur. Check bus details on the app.",oob.aiml,,,
0,WHERE IS PASADENA,*,*,Let me show you on the map.  ,oob.aiml,,,
0,WHERE IS *,*,*,"Sri Venkateswara College of Engineering, Sriperambudur. Check bus details on the app.",oob.aiml,,,
0,WHERE IS THE CLOSEST *,*,*,"Sri Venkateswara College of Engineering, Sriperambudur. Check bus details on the app.",oob.aiml,,,
0,WHERE IS THE NEAREST STARBUCKS,*,*,"Sri Venkateswara College of Engineering, Sriperambudur. Check bus details on the app.",oob.aiml,,,
0,WHERE IS THE NEAREST GAS STATION,*,*,"Sri Venkateswara College of Engineering, Sriperambudur. Check bus details on the app.",oob.aiml,,,
0,WHERE IS THE NEAREST *,*,*,"Sri Venkateswara College of Engineering, Sriperambudur. Check bus details on the app.",oob.aiml,,,
0,WHERE IS THE NEAREST WALMART,*,*,"Sri Venkateswara College of Engineering, Sriperambudur. Check bus details on the app.",oob.aiml,,,
0,WHERE IS THE NEAREST MCDONALD S,*,*,"Sri Venkateswara College of Engineering, Sriperambudur. Check bus details on the app.",oob.aiml,,,
0,WHERE IS YORKSHIRE,*,*,"Sri Venkateswara College of Engineering, Sriperambudur. Check bus details on the app.",oob.aiml,,,
0,WHERE IS NEW YORK,*,*,"Sri Venkateswara College of Engineering, Sriperambudur. Check bus details on the app.",oob.aiml,,,
0,WHERE IS LEEDS,*,*,"Sri Venkateswara College of Engineering, Sriperambudur. Check bus details on the app.",oob.aiml,,,
0,WHERE IS INDIA,*,*,"Sri Venkateswara College of Engineering, Sriperambudur. Check bus details on the app.",oob.aiml,,,
0,WHERE CAN I FIND A *,*,*,"Sri Venkateswara College of Engineering, Sriperambudur. Check bus details on the app.",oob.aiml,,,
0,WHERE CAN I GET *,*,*,"Sri Venkateswara College of Engineering, Sriperambudur. Check bus details on the app.",oob.aiml,,,
0,WHERE CAN I GO *,*,*,"Sri Venkateswara College of Engineering, Sriperambudur. Check bus details on the app.",oob.aiml,,,
0,DIALOG TEST,*,*,Testing dialog.  <oob><dialog><list><li>Yes</li><li>No</li></list></dialog></oob>,oob.aiml,,,
0,ESPN,*,*,Opening ESPN. ,oob.aiml,,,
0,MAP,*,*,Opening your map. ,oob.aiml,,,
0,MAP *,*,*,I'm looking on the map.,oob.aiml,,,
0,AAA,*,*,Looking up AAA. ,oob.aiml,,,
0,BROWSE TO *,*,*,"Sri Venkateswara College of Engineering, Sriperambudur. Check bus details on the app.",oob.aiml,,,
0,CALL 911,*,*,Now dialing emergency services from your location.  911,oob.aiml,,,
0,PLAY *,*,*,Now loading your choice of music. I hope you like it. Please wait a moment while I load it up. <oob><url>http://www.youtube.com/embed?listType=search&amp,list=<star/>&amp,autoplay=1</url></oob>,oob.aiml,
0,WIFI ON,*,*,Turn on at settings!,oob.aiml,,,
0,WIFI OFF,*,*,Turn off at settings!,oob.aiml,,,
0,HOROSCOPE *,*,*,Let's try a search for your horoscope.  ,oob.aiml,,,
0,JOBS *,*,*,I'll try search for jobs.  ,oob.aiml,,,
0,TWEET *,*,*,<oob><url>https://twitter.com/intent/tweet?source=webclient&amp,text=<star/></url></oob>Please check the message and press Tweet if you are happy.,oob.aiml,,
0,WWW DOT * DOT COM,*,*,Open your browser.,oob.aiml,,,
0,RESTAURANTS,*,*,I'll look on the map for restaurants near you.  ,oob.aiml,,,
0,WHAT IS THE DISTANCE TO *,*,*,Let's look on the map. ,oob.aiml,,,
0,WHAT IS THE ADDRESS TO *,*,*,I'll try to find it on the map ,oob.aiml,,,
0,TEST ALARM,*,*,Alarm now set for 11:30.#Newline<oob><alarm><hour>11</hour><minute>30</minute></alarm></oob>,oob.aiml,,,
0,UPDATE FACEBOOK STATUS,*,*,<oob><url>http://www.facebook.com/dialog/feed?_path=feed&amp,app_id=294334050655455&amp,redirect_uri=https://www.facebook.com&amp,display=touch</url></oob>Now opening a screen for you to update your status. Type or speak your message into the status box and press share to post it on your wall.,oob.aiml
0,OPEN GOOGLE,*,*,Open google.,oob.aiml,,,
0,OPEN * DOT COM,*,*,http://<star/>.com,oob.aiml,,,
0,OPEN * COM,*,*,Let's go to <star/>.com. http://<star/>.com,oob.aiml,,,
0,GPS ON,*,*,Use Settings to turn on GPS.,oob.aiml,,,
0,GPS OFF,*,*,Use Settings to turn off GPS.,oob.aiml,,,
